id;nom;prenom;email;telephone;role_id
1;however kindheartedly;mmm inculcate;Hoyt19@hotmail.com;1-692-278-4562 x8871;1201
2;well;cinder;Annamae.Mann89@gmail.com;983.527.8585 x847;9890
3;clinking ack;unibody fabricate;Viola96@gmail.com;216.699.0586;3281
4;likewise;sardonic phew;Anita.Frami36@gmail.com;668-359-4815 x6818;25003
5;deeply obedience;inasmuch;Prince.Kub57@gmail.com;1-458-651-5260 x231;12128
6;promptly;equally astride outside;Glenda_Ferry17@hotmail.com;213-501-7284 x6009;3321
7;meh;unwieldy potentially derby;Kadin.Nienow@gmail.com;805-592-0492 x779;13052
8;awful known;though;Alene_Herzog93@hotmail.com;606.856.7594;13934
9;insert rubbery;dense;Beaulah.Stamm99@yahoo.com;462-684-0163 x24485;14704
10;yahoo thankfully;derby;Darrion56@gmail.com;828-579-4101 x848;30982
